,names,addresses,emails
0,Christopher White,"USCGC Davis
FPO AP 94726",daniel61@example.net
1,Scott Johnson,"353 Cheryl Row
South Jamesside, NV 29610",robertbarrett@example.net
2,William Thomas,"619 Daniels Vista Apt. 268
North Johnview, MN 94124",kwarner@example.net
3,Edward Rojas,"390 Charles Square Apt. 509
Davisberg, VT 83706",maria87@example.org
4,Christopher Carter,"781 Joe Greens
Harperport, RI 73825",carolyngarza@example.net
5,Max Alexander,"4080 Green Crest Apt. 442
Lake Davidfort, RI 15760",gonzalezmelissa@example.com
6,Charles Hernandez,"2939 White Crescent Apt. 265
Catherineburgh, OK 52796",jeffrey23@example.net
7,Patrick Rojas,"158 Joseph Pass Apt. 685
Erinville, OR 41990",craig58@example.org
8,Kyle Mcgrath,"822 Dunn Stravenue Apt. 877
Richardside, TX 65212",kaufmancody@example.org
9,Krista Nelson,"92659 Allen Lodge Apt. 820
Kiaraborough, CA 88899",umccall@example.org
